,Momentum_Window,Min_Momentum,Top_N,MA_Fast,MA_Slow,Sharpe Ratio,Total Return,CAGR,Max Drawdown,Error,Final Capital
0,24,0.2,5,12,50,1.0720976937910638,7.1995575941765715,0.4315875221209211,-0.3877631664727345,,83765.57364178155
1,24,0.2,5,12,100,1.1028867531882094,7.521345726356419,0.44101528584526273,-0.38776151966958045,,87052.91776657994
2,24,0.2,5,25,50,1.1117885634778746,8.04672336104799,0.4557915140559732,-0.387754334909849,,92420.10476941985
3,24,0.2,5,25,100,1.1940172866095555,9.234159231559806,0.4867306173081656,-0.363989307933559,,103815.33333771734
4,24,0.2,10,12,50,1.1882625865745122,6.2112890815451545,0.4005764592458527,-0.3298084401161031,,73720.63534801955
5,24,0.2,10,12,100,1.0467681995384335,4.389622196487984,0.3327356460667896,-0.34910418171655316,,55402.37729571524
6,24,0.2,10,25,50,1.1714426369777813,5.9572394759062925,0.392037192391677,-0.32976264837995145,,71123.49936777707
7,24,0.2,10,25,100,1.0992745565402124,4.7408742501072965,0.34716122371553415,-0.3157636626323487,,58392.297276773854
8,24,0.2,15,12,50,1.045750115721338,3.667892703768795,0.3004608736604135,-0.30747730901162795,,47762.1035803389
9,24,0.2,15,12,100,0.8901457287756487,2.5335419699352437,0.2401660258176861,-0.3251407176435308,,35998.528456844295
10,24,0.2,15,25,50,0.9474160544218774,2.9617707002779827,0.2645937110507739,-0.3195620959793948,,40537.02913853462
11,24,0.2,15,25,100,0.8713413034103545,2.4142555754097517,0.2329250671946428,-0.32539966624403,,34629.38520803136
12,24,0.25,5,12,50,1.0618636392708114,6.990673548835369,0.42530202218176605,-0.3877664327960158,,81631.64242882824
13,24,0.25,5,12,100,1.0904804137489486,7.265310907142218,0.43353860679754197,-0.3877653396223334,,84437.30061194475
14,24,0.25,5,25,50,1.099623765299148,7.774853804337604,0.4482367873323354,-0.38775793360726357,,89642.72207382707
15,24,0.25,5,25,100,1.1814105705879872,8.926640571474113,0.4790162332209038,-0.3639932730775261,,100695.86338595868
16,24,0.25,10,12,50,1.175874599006587,5.966373213080552,0.3923486484705325,-0.3298084401161031,,71216.87309055729
17,24,0.25,10,12,100,1.0190914081558315,4.058388874311695,0.31839910814772354,-0.34910418171655316,,51997.47936055347
18,24,0.25,10,25,50,1.1471005099635694,5.569916951244909,0.3785065850474574,-0.32979340706628335,,67163.92122859116
19,24,0.25,10,25,100,1.0705628719271933,4.371904853741722,0.33198756626438763,-0.3157636626323487,,54639.38966375521
20,24,0.25,15,12,50,1.000463477478703,3.263026800325045,0.28049649835469803,-0.307681133441112,,43619.49610334715
21,24,0.25,15,12,100,0.8420536314023104,2.2283185773608865,0.22120828151426508,-0.3251407176435308,,32889.01594029029
22,24,0.25,15,25,50,0.8997363232374043,2.613774795938058,0.24492309533847467,-0.3195620959793948,,36976.3182389037
23,24,0.25,15,25,100,0.8190160009411284,2.0964871716847435,0.21255696481470587,-0.32539966624403,,31406.39143486781
24,24,0.3,5,12,50,1.0730191945575018,7.158028955911022,0.4303485542135663,-0.3877625990714381,,83341.32267861417
25,24,0.3,5,12,100,1.0974187043139465,7.359140553671546,0.436300618784071,-0.38776270806161406,,85395.85161617416
26,24,0.3,5,25,50,1.1010098391370684,7.726159974469824,0.4468632320426382,-0.3877574478657806,,89145.27248037745
27,24,0.3,5,25,100,1.1959709126621632,9.19534320150117,0.4857675731735207,-0.36398856359840964,,103421.58344500927
28,24,0.3,10,12,50,1.11608011100898,5.117030249286916,0.3618193409582109,-0.3298084401161031,,62534.08389556075
29,24,0.3,10,12,100,0.9680723228071744,3.5366471364651426,0.29415196176967173,-0.34910418171655316,,46634.258793825706
30,24,0.3,10,25,50,1.0895495190204023,4.803024373299664,0.34963700785592833,-0.3298097325498518,,59324.018064191856
31,24,0.3,10,25,100,1.0234701586666606,3.8526128199659238,0.3090955198987395,-0.3157636626323487,,49357.50166400844
32,24,0.3,15,12,50,0.9178951553834663,2.6483608520457085,0.24694674805988703,-0.31521374130054447,,37330.20443532705
33,24,0.3,15,12,100,0.7981935832745567,1.9479349682093496,0.20243428384744777,-0.31444263287726215,,30032.562721748418
34,24,0.3,15,25,50,0.8585198138331219,2.309281285800287,0.22637716652702267,-0.31128796112040613,,33860.725937692674
35,24,0.3,15,25,100,0.7830655772829278,1.8434518983306374,0.19505800918047056,-0.2926802797729326,,28839.95908712324
36,24,0.35,5,12,50,1.0328905308699474,6.322829421564104,0.4042469812500338,-0.38777165258618107,,74809.03696729658
37,24,0.35,5,12,100,1.0504626852813044,6.395035692571333,0.4065984607982236,-0.38777378534699203,,75546.68648582061
38,24,0.35,5,25,50,1.0524834332827395,6.6713849347920515,0.4154257422991319,-0.38776881947466035,,78369.83304393865
39,24,0.35,5,25,100,1.1412579463853447,7.815166986269981,0.44936916565584584,-0.3504681592258944,,89421.07293827788
40,24,0.35,10,12,50,1.0750620107821398,4.58368238331541,0.3407986988280809,-0.33683190633851734,,57081.69624387822
41,24,0.35,10,12,100,0.952676638924141,3.2960457159516814,0.28218228699956227,-0.32641941691945153,,44161.00738747334
42,24,0.35,10,25,50,1.0471722900843998,4.276954159670387,0.32794322925785657,-0.31195051643836297,,53946.02947603934
43,24,0.35,10,25,100,1.0061826090970298,3.569491244069304,0.295744824181124,-0.28593080691096134,,46477.78012596654
44,24,0.35,15,12,50,0.8766190413047074,2.3187325028763026,0.22697370030800634,-0.28864559108448273,,33957.43124725998
45,24,0.35,15,12,100,0.7780378221876662,1.76880925147636,0.1896494710434511,-0.2796636596119777,,28207.69060588578
46,24,0.35,15,25,50,0.8145344067027235,1.988230245048392,0.2052211732699123,-0.2843767277936097,,30575.716183593766
47,24,0.35,15,25,100,0.7703172529271819,1.7124144569282123,0.18548236215058322,-0.26683496883351876,,27510.900399284725
48,24,0.39999999999999997,5,12,50,1.0505536164093323,6.473173644112232,0.4091217526961086,-0.38168237052330745,,76344.9332520444
49,24,0.39999999999999997,5,12,100,1.0581042890494428,6.332201842617556,0.4045532881044249,-0.37261935277838437,,74904.78435573034
50,24,0.39999999999999997,5,25,50,1.0796404658890548,7.006860638098127,0.4257939466816332,-0.374041099371265,,81797.00754787425
51,24,0.39999999999999997,5,25,100,1.1405877085602807,7.623739644463038,0.44395328297407266,-0.3465823807410689,,87479.23356974853
52,24,0.39999999999999997,10,12,50,1.098111843855991,4.61833412447827,0.34221391789588296,-0.2998941874492386,,57435.9392017675
53,24,0.39999999999999997,10,12,100,0.9950616815572285,3.4762362290263207,0.2911970272813149,-0.2806217136183032,,46013.26760656158
54,24,0.39999999999999997,10,25,50,1.0568053780374607,4.196559696238556,0.3244714333304415,-0.28253599318645295,,53124.16103398435
55,24,0.39999999999999997,10,25,100,1.0087785886823033,3.444429108742477,0.28962789992476035,-0.2780683254333902,,45205.732513368916
56,24,0.39999999999999997,15,12,50,0.8634043723615973,2.158743707818292,0.21667980154575872,-0.2659574887357104,,32320.418169584744
57,24,0.39999999999999997,15,12,100,0.7714892468155647,1.6759226398259326,0.18274746006460596,-0.2615477463560225,,27261.393275556053
58,24,0.39999999999999997,15,25,50,0.7931850276295397,1.8285770687175484,0.19398966767514558,-0.26151774370948627,,28942.137172943578
59,24,0.39999999999999997,15,25,100,0.7242090560479675,1.4691765987429535,0.16664114569718036,-0.26166129867927496,,25027.265030822415
60,24,0.44999999999999996,5,12,50,1.0592742421802372,6.582312425970446,0.41260976617433687,-0.38168237052330745,,77459.88031643376
61,24,0.44999999999999996,5,12,100,1.0514102791989115,6.123490873929961,0.3976539619102166,-0.37261935277838437,,72772.62127050916
62,24,0.44999999999999996,5,25,50,1.0902645885393494,7.1532606343001515,0.4302059612023208,-0.374041099371265,,83292.61014864466
63,24,0.44999999999999996,5,25,100,1.14484339213031,7.505601708044024,0.4405609470912364,-0.309471908169764,,86280.84208768628
64,24,0.44999999999999996,10,12,50,1.0409704093843857,3.9115390731526682,0.31179262993573054,-0.27067091076437466,,50081.84834400733
65,24,0.44999999999999996,10,12,100,0.947266573995826,2.98740043281895,0.26598499025954414,-0.2550173914577651,,40658.616533225446
66,24,0.44999999999999996,10,25,50,0.9861776235742007,3.414249805258386,0.28813044126467036,-0.2616816309947741,,45011.10263134063
67,24,0.44999999999999996,10,25,100,0.9862058819618142,3.0871322266155246,0.27132919002707445,-0.2549944114989595,,41355.76137103047
68,24,0.44999999999999996,15,12,50,0.8210634478796993,1.8369462452113179,0.19459133126910233,-0.2503246344458265,,28734.05328817625
69,24,0.44999999999999996,15,12,100,0.7437740830322898,1.4581980277492355,0.1657550023053096,-0.2524415845831531,,24897.896194354897
70,24,0.44999999999999996,15,25,50,0.7678202417900509,1.6025552588428555,0.1771539286810877,-0.251368072318493,,26360.020609922976
71,24,0.44999999999999996,15,25,100,0.7308514147587706,1.3727704603144362,0.15874516187140286,-0.24866731456067007,,23909.661101876864
72,24,0.49999999999999994,5,12,50,1.022868129825349,5.6383026422225635,0.3809428129853789,-0.34793293142311355,,68027.92897859329
73,24,0.49999999999999994,5,12,100,0.99292641036249,4.9070358134592515,0.3537315853403089,-0.3364428016842147,,60534.06035393895
74,24,0.49999999999999994,5,25,50,1.0337559743039293,5.794797909588238,0.3864405518106404,-0.3398885080910911,,69631.65955666674
75,24,0.49999999999999994,5,25,100,1.0552256965808673,5.613173855364346,0.380050034332994,-0.30411745573408,,66728.17055945567
76,24,0.49999999999999994,10,12,50,0.9526262989799988,2.9571302471371603,0.26434101182770786,-0.2444981261239131,,40057.61326126982
77,24,0.49999999999999994,10,12,100,0.8640865197792783,2.287228723548791,0.2249797569667895,-0.24456769586461508,,33276.270601534976
78,24,0.49999999999999994,10,25,50,0.9117168956076624,2.662529071783212,0.24777114765005503,-0.24453790510025983,,37075.396550768164
79,24,0.49999999999999994,10,25,100,0.8749049773580078,2.2264893920345674,0.22109026469579307,-0.244566341704758,,32408.776740165038
80,24,0.49999999999999994,15,12,50,0.819775623358182,1.6482476958585097,0.18065264053357621,-0.2521989519999444,,26697.68206733515
81,24,0.49999999999999994,15,12,100,0.7102193977579747,1.2232209919559272,0.14595313430478885,-0.2568429771391164,,22412.87599399691
82,24,0.49999999999999994,15,25,50,0.7324105659379834,1.3380612955012712,0.1558371405504444,-0.281269443328345,,23570.611321158565
83,24,0.49999999999999994,15,25,100,0.6783085194880489,1.103570962431024,0.13519397428834745,-0.2453894383756776,,21097.546523119556
84,24,0.5499999999999999,5,12,50,0.9397520285894743,4.38640724387958,0.3326000526848545,-0.33366570690426267,,54713.111064329
85,24,0.5499999999999999,5,12,100,0.9257724280934239,3.973352008929256,0.31459317302344303,-0.32208288584262357,,50517.45040922003
86,24,0.5499999999999999,5,25,50,0.9558428437775462,4.570499718052597,0.34025838944437914,-0.32545308736376477,,56583.053593643
87,24,0.5499999999999999,5,25,100,0.9885924667127353,4.551553533213118,0.3394799938615298,-0.3041468530545253,,55515.535332131185
88,24,0.5499999999999999,10,12,50,0.9033590474379336,2.4980630528942878,0.2380338326294491,-0.214006497451663,,35254.5745997002
89,24,0.5499999999999999,10,12,100,0.8440666170988238,2.0585193882159016,0.2100087361621632,-0.22354936483707288,,30824.71593737321
90,24,0.5499999999999999,10,25,50,0.8786095365867289,2.3184062503860328,0.22695313168083464,-0.23647559632458914,,33443.9370981462
91,24,0.5499999999999999,10,25,100,0.8612270073884788,2.0357577816224737,0.20846847122837175,-0.22863464653997653,,30357.577816224737
92,24,0.5499999999999999,15,12,50,0.8366847047136788,1.559252232136294,0.17379083067012946,-0.205397692165944,,25725.284510264722
93,24,0.5499999999999999,15,12,100,0.7781945956957873,1.301270790678897,0.15271537960475956,-0.19765441537582928,,23132.087209692316
94,24,0.5499999999999999,15,25,50,0.7812946683765174,1.370477936989378,0.15855418058085036,-0.2083586706602208,,23827.74881999577
95,24,0.5499999999999999,15,25,100,0.7042170844789278,1.0737913627116369,0.13243741668735365,-0.19777417831822916,,20737.91362711637
96,24,0.5999999999999999,5,12,50,0.9024000666842862,3.8101359424238406,0.3071344129380347,-0.36604446109797856,,48859.56262430724
97,24,0.5999999999999999,5,12,100,0.8965271877693468,3.5178700517760952,0.2932370147356027,-0.3370237381094093,,45890.83497128862
98,24,0.5999999999999999,5,25,50,0.9194839730727731,3.9713370516360214,0.3145023383279357,-0.34527175712896796,,50496.98322633112
99,24,0.5999999999999999,5,25,100,0.9625641102306741,4.0113635411685715,0.3163010471584389,-0.26680607228633196,,50113.63541168572
100,24,0.5999999999999999,10,12,50,0.808959232506503,1.8195759634067217,0.19334092410554526,-0.2512308979503538,,28416.569295169822
101,24,0.5999999999999999,10,12,100,0.7565633905931264,1.5169098292176504,0.17045638252402173,-0.24011441883664156,,25366.205237911665
102,24,0.5999999999999999,10,25,50,0.792377080280121,1.7176801646816064,0.18587448049171051,-0.27573056217087216,,27389.631534691674
103,24,0.5999999999999999,10,25,100,0.7848224401111572,1.545053422136651,0.17267781346993027,-0.25005582163736184,,25450.53422136651
104,24,0.5999999999999999,15,12,50,0.7502013615611308,1.1757091720077606,0.14173966862578125,-0.22378436180295624,,21869.957465963198
105,24,0.5999999999999999,15,12,100,0.6966630463212855,0.9908497295725108,0.12458297794453266,-0.19686036963270542,,20011.77338729344
106,24,0.5999999999999999,15,25,50,0.6940504631911042,1.0265785311906082,0.12799909558914302,-0.23478686614753674,,20370.91484873084
107,24,0.5999999999999999,15,25,100,0.6160191238572656,0.7969547468681972,0.10510416789142418,-0.20486352785285122,,17969.547468681973
108,24,0.6499999999999999,5,12,50,0.944158121534632,3.9840930735344044,0.3150768680135694,-0.3342824550094605,,50626.55412791088
109,24,0.6499999999999999,5,12,100,0.8918145227578522,3.2791353237088563,0.2813202707681528,-0.3329781839144902,,43465.856855031794
110,24,0.6499999999999999,5,25,50,0.9687363739039203,4.222637031446358,0.32560242286877195,-0.33414245969741607,,53049.594472250115
111,24,0.6499999999999999,5,25,100,0.9486777504276068,3.657972386362857,0.29998918452403744,-0.264876569697082,,46579.72386362857
112,24,0.6499999999999999,10,12,50,0.8441865375419475,1.8144254325239553,0.19296893282853556,-0.23785072321831408,,28364.66063243594
113,24,0.6499999999999999,10,12,100,0.7809374725228668,1.4959961664836088,0.16879224150067906,-0.21565121224917602,,25155.43079735371
114,24,0.6499999999999999,10,25,50,0.8424380285652364,1.7669165062410286,0.1895107596734864,-0.23868087136380514,,27885.850799546482
115,24,0.6499999999999999,10,25,100,0.7872019835826237,1.4525722519071267,0.16529964091782956,-0.21557829051724284,,24525.722519071267
116,24,0.6499999999999999,15,12,50,0.8637959157981605,1.330252652839037,0.1551779826936459,-0.1970288093421195,,23423.409276483882
117,24,0.6499999999999999,15,12,100,0.7608836047674222,1.0379676227113,0.12907753360580543,-0.15620190504021875,,20485.396577418705
118,24,0.6499999999999999,15,25,50,0.8043194852467489,1.1739275116389056,0.14158018743415335,-0.201479452607654,,21852.04843796122
119,24,0.6499999999999999,15,25,100,0.6635993894366066,0.8221209858866987,0.10772806432580717,-0.15759035430599366,,18221.209858866987
120,24,0.7,5,12,50,0.9211402000084996,3.585260889378287,0.29650624293996186,-0.3330659241916008,,46575.36590545377
121,24,0.7,5,12,100,0.8432600712689368,2.781026090625718,0.2545644187226852,-0.3317620163043521,,38406.24948449507
122,24,0.7,5,25,50,0.9082254560274706,3.4456211604670846,0.28968687465868226,-0.33308795753697706,,45156.95774376258
123,24,0.7,5,25,100,0.921292129057363,3.273957486164482,0.281055762708986,-0.2635587653210695,,42739.57486164482
124,24,0.7,10,12,50,0.7914588575142824,1.4397997346081282,0.16426258288433138,-0.23870592677113284,,24589.065563270273
125,24,0.7,10,12,100,0.742342514988033,1.2350842447687962,0.14699353274691584,-0.19996213770167626,,22525.878765569916
126,24,0.7,10,25,50,0.7915989624275155,1.4147194389313509,0.16221302850609276,-0.24454236715789907,,24336.29849145094
127,24,0.7,10,25,100,0.7409725161747496,1.1539061845216314,0.1397805292625982,-0.20000238852009208,,21539.061845216314
128,24,0.7,15,12,50,0.8556883151317002,1.1564772712865898,0.1400124112629919,-0.16990151586679947,,21676.64079654203
129,24,0.7,15,12,100,0.743031848274522,0.8823629996666864,0.11388903157870245,-0.1666129585466041,,18921.278297606263
130,24,0.7,15,25,50,0.7923956652227658,1.0170026176614455,0.12708845080277298,-0.1747559639699928,,20274.658959260436
131,24,0.7,15,25,100,0.6646730865288836,0.7224492703870896,0.0971531834850532,-0.16165856526965372,,17224.492703870896
132,24,0.7499999999999998,5,12,50,0.8187052428222226,2.56211836290789,0.24187052109232532,-0.40880902217662257,,35621.1836290789
133,24,0.7499999999999998,5,12,100,0.7725724161277311,2.174304069257724,0.21769972319284348,-0.3952094741072185,,31743.040692577237
134,24,0.7499999999999998,5,25,50,0.8117432712288758,2.4996385840767785,0.23812889782140556,-0.4077309205444622,,34996.38584076778
135,24,0.7499999999999998,5,25,100,0.8246348243804379,2.4178745017816707,0.2331478082766376,-0.3227121785827904,,34178.745017816706
136,24,0.7499999999999998,10,12,50,0.7516244799019861,1.2377748885903017,0.1472288627573728,-0.25021117785354835,,22377.748885903016
137,24,0.7499999999999998,10,12,100,0.6995477703830951,1.0575468526014982,0.1309198705083725,-0.21170749561049967,,20575.46852601498
138,24,0.7499999999999998,10,25,50,0.7400829265246749,1.183033623972635,0.1423941640192532,-0.25280762389793715,,21830.336239726348
139,24,0.7499999999999998,10,25,100,0.7061136878979298,0.9920959101351029,0.12470298092649501,-0.18803336692285247,,19920.95910135103
140,24,0.7499999999999998,15,12,50,0.775183790244083,0.9102560010389207,0.11668641057042217,-0.17973759780734172,,19102.560010389207
141,24,0.7499999999999998,15,12,100,0.6572791573276406,0.6684011232917281,0.09120482647609918,-0.15074416625223241,,16684.01123291728
142,24,0.7499999999999998,15,25,50,0.7097997204895427,0.7888517075330125,0.10425283683526798,-0.18243828374046525,,17888.517075330124
143,24,0.7499999999999998,15,25,100,0.5836403687380775,0.5506661585740421,0.07767259881189115,-0.14145795241203538,,15506.661585740421
144,24,0.7999999999999998,5,12,50,0.7509102144396834,2.000231792050898,0.20604519457568982,-0.45707317207921294,,30002.31792050898
145,24,0.7999999999999998,5,12,100,0.6972135644960776,1.6588577456501796,0.1814578914757592,-0.4507935027228362,,26588.577456501796
146,24,0.7999999999999998,5,25,50,0.7372106108834988,1.9154225421496212,0.20016254198607197,-0.4617931346301934,,29154.225421496212
147,24,0.7999999999999998,5,25,100,0.7354609422212111,1.7911928501484253,0.1912839345914592,-0.39000328880095847,,27911.928501484254
148,24,0.7999999999999998,10,12,50,0.7222817113043856,1.0914699048681207,0.13407776517725,-0.2565776665135604,,20914.699048681206
149,24,0.7999999999999998,10,12,100,0.6198892107785092,0.8160187260438492,0.10709460105847213,-0.21982129907378603,,18160.18726043849
150,24,0.7999999999999998,10,25,50,0.6915705057438712,0.995929031629799,0.1250717076662482,-0.2601305672437193,,19959.29031629799
151,24,0.7999999999999998,10,25,100,0.6235355857748878,0.7702730408524647,0.10228876195970193,-0.2046661439258877,,17702.730408524647
152,24,0.7999999999999998,15,12,50,0.7512381440025837,0.7988286132184279,0.1053005887915417,-0.18967108265291804,,17988.28613218428
153,24,0.7999999999999998,15,12,100,0.590581863181701,0.5294749186416803,0.07514696256161879,-0.15184507904079272,,15294.749186416802
154,24,0.7999999999999998,15,25,50,0.659304452539324,0.6555290916400237,0.08976464356330527,-0.1930958479488179,,16555.290916400238
155,24,0.7999999999999998,15,25,100,0.5081914589858203,0.415007526679785,0.060979791033605624,-0.14000793125555738,,14150.07526679785
156,24,0.8499999999999999,5,12,50,0.7771034233581775,2.022469570507929,0.2075648315287726,-0.410067741708843,,30224.695705079288
157,24,0.8499999999999999,5,12,100,0.715888935757079,1.6629483458086234,0.18176763625494052,-0.4225985150883322,,26629.483458086233
158,24,0.8499999999999999,5,25,50,0.7711959824299103,1.9828133368667389,0.20484835114448163,-0.4100159845117177,,29828.13336866739
159,24,0.8499999999999999,5,25,100,0.7514525669433236,1.7723112574033946,0.18990591112881505,-0.36377894478129064,,27723.112574033945
160,24,0.8499999999999999,10,12,50,0.8274693400192178,1.2544553460127819,0.14868255935571795,-0.19827170154504584,,22544.55346012782
161,24,0.8499999999999999,10,12,100,0.7163298532032689,0.9337087943881146,0.11901238243953194,-0.17875401519197912,,19337.087943881146
162,24,0.8499999999999999,10,25,50,0.7918714276397232,1.1354998679203465,0.1381137555633951,-0.19834860267126284,,21354.998679203465
163,24,0.8499999999999999,10,25,100,0.7350733431793747,0.8981617336215659,0.1154776694992321,-0.16773830654129268,,18981.61733621566
164,24,0.8499999999999999,15,12,50,0.8895721676362011,0.8925460116898135,0.11491424264756134,-0.15238857479724666,,18925.460116898135
165,24,0.8499999999999999,15,12,100,0.7123061854520615,0.5903213237666308,0.08232288374318686,-0.12137939546455269,,15903.213237666308
166,24,0.8499999999999999,15,25,50,0.8005409861535604,0.7537044052771751,0.10052270454136658,-0.15278390091449723,,17537.04405277175
167,24,0.8499999999999999,15,25,100,0.6180461486009785,0.4667497447500007,0.06749716549480667,-0.1134463326991545,,14667.497447500007
168,52,0.2,5,12,50,1.1918194468490997,10.409726952836843,0.5145537146174888,-0.3837291682435059,,116774.94904878757
169,52,0.2,5,12,100,1.1262347273053652,8.76355048482812,0.4748441976205875,-0.3824130107523927,,99926.8532116443
170,52,0.2,5,25,50,1.1817936364676769,10.145617662472512,0.5085173897582542,-0.38373241614744824,,114071.8739398834
171,52,0.2,5,25,100,1.130790815552669,8.879702052112641,0.47782135370416623,-0.3824111686341401,,101115.62779035712
172,52,0.2,10,12,50,1.1409538997476678,6.5220747141269975,0.4106897923315982,-0.35690999547196395,,77354.87313344672
173,52,0.2,10,12,100,1.0470503463316359,5.162185462457811,0.36352830071179754,-0.35691959880165397,,62986.14355763587
174,52,0.2,10,25,50,1.143701867972447,6.729146533445203,0.41723737920747195,-0.35690999547196395,,79484.34072339084
175,52,0.2,10,25,100,1.0659254082814067,5.397635268665229,0.3722745096487241,-0.35691959880165397,,65392.76948357529
176,52,0.2,15,12,50,1.0580742661765143,4.5306928926694425,0.33862039081751716,-0.3537105850027588,,56520.07880694393
177,52,0.2,15,12,100,1.04257690336596,4.314300652987703,0.3295411146749676,-0.35370341415522216,,54207.073298518866
178,52,0.2,15,25,50,1.0494897646023316,4.488743116208698,0.3368835953337217,-0.3537105850027588,,56091.37941655877
179,52,0.2,15,25,100,1.0455066635822297,4.358356180690917,0.33141411815154176,-0.35370341415522216,,54656.449684115425
180,52,0.25,5,12,50,1.1918194468490997,10.409726952836843,0.5145537146174888,-0.3837291682435059,,116774.94904878757
181,52,0.25,5,12,100,1.1262347273053652,8.76355048482812,0.4748441976205875,-0.3824130107523927,,99926.8532116443
182,52,0.25,5,25,50,1.1817936364676769,10.145617662472512,0.5085173897582542,-0.38373241614744824,,114071.8739398834
183,52,0.25,5,25,100,1.130790815552669,8.879702052112641,0.47782135370416623,-0.3824111686341401,,101115.62779035712
184,52,0.25,10,12,50,1.1409538997476678,6.5220747141269975,0.4106897923315982,-0.35690999547196395,,77354.87313344672
185,52,0.25,10,12,100,1.0470503463316359,5.162185462457811,0.36352830071179754,-0.35691959880165397,,62986.14355763587
186,52,0.25,10,25,50,1.143701867972447,6.729146533445203,0.41723737920747195,-0.35690999547196395,,79484.34072339084
187,52,0.25,10,25,100,1.0659254082814067,5.397635268665229,0.3722745096487241,-0.35691959880165397,,65392.76948357529
188,52,0.25,15,12,50,1.0587661163362594,4.539739387713725,0.3389934988287484,-0.3537105850027588,,56612.528093634064
189,52,0.25,15,12,100,1.044110185630028,4.333072796174849,0.3303407738390389,-0.35370341415522216,,54398.553421335
190,52,0.25,15,25,50,1.0501817083812857,4.497731919013634,0.3372566723680337,-0.3537105850027588,,56183.23912614207
191,52,0.25,15,25,100,1.0470361945972242,4.377281143709599,0.3322147855065636,-0.35370341415522216,,54849.48860391171
192,52,0.3,5,12,50,1.1918194468490997,10.409726952836843,0.5145537146174888,-0.3837291682435059,,116774.94904878757
193,52,0.3,5,12,100,1.1262347273053652,8.76355048482812,0.4748441976205875,-0.3824130107523927,,99926.8532116443
194,52,0.3,5,25,50,1.1817936364676769,10.145617662472512,0.5085173897582542,-0.38373241614744824,,114071.8739398834
195,52,0.3,5,25,100,1.130790815552669,8.879702052112641,0.47782135370416623,-0.3824111686341401,,101115.62779035712
196,52,0.3,10,12,50,1.1389343711720545,6.479125090611008,0.40931304316900863,-0.35690999547196395,,76913.19144262689
197,52,0.3,10,12,100,1.040167086135163,5.0487022696470705,0.35921337180497326,-0.35691959880165397,,61826.18679922549
198,52,0.3,10,25,50,1.141696349176111,6.685016000188415,0.4158542849513496,-0.35690999547196395,,79030.51489326727
199,52,0.3,10,25,100,1.0591026537264085,5.280017106429068,0.3679393722259401,-0.35691959880165397,,64190.54756138127
200,52,0.3,15,12,50,1.0485245522531264,4.408406191189657,0.33352653869726945,-0.3537105850027588,,55270.38837234402
201,52,0.3,15,12,100,1.0335360431612761,4.205494796968561,0.32485948307121326,-0.35370341415522216,,53097.22886222002
202,52,0.3,15,25,50,1.0399400747471441,4.367236274068432,0.3317901040587019,-0.3537105850027588,,54849.658636427725
203,52,0.3,15,25,100,1.0364880369954539,4.2486645604614255,0.3267265910627295,-0.35370341415522216,,53537.5702517539
204,52,0.35,5,12,50,1.1918194468490997,10.409726952836843,0.5145537146174888,-0.3837291682435059,,116774.94904878757
205,52,0.35,5,12,100,1.1262347273053652,8.76355048482812,0.4748441976205875,-0.3824130107523927,,99926.8532116443
206,52,0.35,5,25,50,1.1817936364676769,10.145617662472512,0.5085173897582542,-0.38373241614744824,,114071.8739398834
207,52,0.35,5,25,100,1.130790815552669,8.879702052112641,0.47782135370416623,-0.3824111686341401,,101115.62779035712
208,52,0.35,10,12,50,1.135093817681217,6.401166088519173,0.40679722578295996,-0.35690999547196395,,76111.48327757792
209,52,0.35,10,12,100,1.0360547461115446,4.984938518312428,0.3567593584281681,-0.35691959880165397,,61174.43218719612
210,52,0.35,10,25,50,1.1378851984803129,6.604913497469209,0.41332687334521556,-0.35690999547196395,,78206.7635785032
211,52,0.35,10,25,100,1.0550201803778612,5.213930005216014,0.3654739174992234,-0.35691959880165397,,63515.04506804132
212,52,0.35,15,12,50,1.036001144735881,4.260478044664975,0.32723530816608837,-0.3537105850027588,,53758.65907158643
213,52,0.35,15,12,100,1.0188471798228211,4.040564617377891,0.31760578072076173,-0.35370341415522216,,51414.903582188475
214,52,0.35,15,25,50,1.0274363883911286,4.220291498886998,0.32550088768074015,-0.3537105850027588,,53347.97875025442
215,52,0.35,15,25,100,1.0218327772631386,4.082372212390111,0.3194629147913224,-0.35370341415522216,,51841.35054393276
216,52,0.39999999999999997,5,12,50,1.1918194468490997,10.409726952836843,0.5145537146174888,-0.3837291682435059,,116774.94904878757
217,52,0.39999999999999997,5,12,100,1.1262347273053652,8.76355048482812,0.4748441976205875,-0.3824130107523927,,99926.8532116443
218,52,0.39999999999999997,5,25,50,1.1817936364676769,10.145617662472512,0.5085173897582542,-0.38373241614744824,,114071.8739398834
219,52,0.39999999999999997,5,25,100,1.130790815552669,8.879702052112641,0.47782135370416623,-0.3824111686341401,,101115.62779035712
220,52,0.39999999999999997,10,12,50,1.1309231151476045,6.328339618933352,0.4044271033497715,-0.35690999547196395,,75362.55661443432
221,52,0.39999999999999997,10,12,100,1.033094657317479,4.942920645856183,0.3551303771784253,-0.35691959880165397,,60744.950834737785
222,52,0.39999999999999997,10,25,50,1.1337563022276298,6.530079568885385,0.41094566653139997,-0.35690999547196395,,77437.19277899925
223,52,0.39999999999999997,10,25,100,1.0520714576578987,5.170358034917927,0.36383649186909883,-0.35691959880165397,,63069.67866467608
224,52,0.39999999999999997,15,12,50,1.0209480043409431,4.095917033966627,0.3200618712489345,-0.3537105850027588,,52076.952733209044
225,52,0.39999999999999997,15,12,100,1.0100392045652429,3.9399386219777135,0.313082929966386,-0.35370341415522216,,50388.49558148057
226,52,0.39999999999999997,15,25,50,1.0124277253099883,4.056876650094342,0.31833189171071763,-0.3537105850027588,,51677.98543997178
227,52,0.39999999999999997,15,25,100,1.013046494843231,3.980919428164157,0.3149340414883133,-0.35370341415522216,,50806.50910947546
228,52,0.44999999999999996,5,12,50,1.1918194468490997,10.409726952836843,0.5145537146174888,-0.3837291682435059,,116774.94904878757
229,52,0.44999999999999996,5,12,100,1.1262347273053652,8.76355048482812,0.4748441976205875,-0.3824130107523927,,99926.8532116443
230,52,0.44999999999999996,5,25,50,1.1817936364676769,10.145617662472512,0.5085173897582542,-0.38373241614744824,,114071.8739398834
231,52,0.44999999999999996,5,25,100,1.130790815552669,8.879702052112641,0.47782135370416623,-0.3824111686341401,,101115.62779035712
232,52,0.44999999999999996,10,12,50,1.1185363467268903,6.1277917727950735,0.39779781793427804,-0.35690999547196395,,73300.17970582991
233,52,0.44999999999999996,10,12,100,1.0217733915317389,4.79339810374289,0.34925498411826905,-0.35691959880165397,,59216.62158206803
234,52,0.44999999999999996,10,25,50,1.1215069688616497,6.32403298525929,0.40428633397553226,-0.35690999547196395,,75318.26842079757
235,52,0.44999999999999996,10,25,100,1.0407217138639242,5.014604897670588,0.3579037835645329,-0.35691959880165397,,61477.66402604166
236,52,0.44999999999999996,15,12,50,1.036387136120096,4.159087902193973,0.32283798828802235,-0.32452209340419813,,52722.51785855618
237,52,0.44999999999999996,15,12,100,1.0207656737003863,3.9466647022283348,0.31338762003168297,-0.32451380933457874,,50457.10312722644
238,52,0.44999999999999996,15,25,50,1.02996741194644,4.142758274021855,0.32212307786331484,-0.32452209340419813,,52555.63969535179
239,52,0.44999999999999996,15,25,100,1.0226104905542641,3.977756789283433,0.31479163518517317,-0.32451380933457874,,50774.2494747994
240,52,0.49999999999999994,5,12,50,1.1885622125240094,10.280388716228451,0.5116122861013381,-0.3837311339146252,,115451.21307750301
241,52,0.49999999999999994,5,12,100,1.114729433674355,8.37165715917515,0.46457760517363655,-0.3824195626615448,,95915.94889072125
242,52,0.49999999999999994,5,25,50,1.178521920309537,10.019274202757803,0.5055877051831523,-0.3837344190211132,,112778.78856353577
243,52,0.49999999999999994,5,25,100,1.1193177273032424,8.483198175825722,0.467535398161824,-0.3824176427705372,,97057.53594096893
244,52,0.49999999999999994,10,12,50,1.1232025322225416,6.033056731114931,0.3946123177948302,-0.3203118442133882,,72325.95152956675
245,52,0.49999999999999994,10,12,100,1.0380088529536784,4.866315561391198,0.35213574554516724,-0.3203219940670642,,59961.93985969455
246,52,0.49999999999999994,10,25,50,1.124827604560315,6.207388285565199,0.40044724352207806,-0.3203118442133882,,74118.7275641268
247,52,0.49999999999999994,10,25,100,1.0589806219388413,5.109771550309038,0.3615436501712066,-0.3203219940670642,,62450.400156997755
248,52,0.49999999999999994,15,12,50,1.060182105540854,4.270615130311775,0.3276710806073284,-0.29011174801448436,,53862.253483850625
249,52,0.49999999999999994,15,12,100,1.0594454170047152,4.187658459265921,0.3240843035885863,-0.290102627004792,,52915.29416782508
250,52,0.49999999999999994,15,25,50,1.0520902864389918,4.247434308361103,0.32667355885445737,-0.29011174801448436,,53625.36058292708
251,52,0.49999999999999994,15,25,100,1.0549868068264243,4.16639939951328,0.32315747712789356,-0.290102627004792,,52698.446931374296
252,52,0.5499999999999999,5,12,50,1.1759716773971383,9.837224402161208,0.5013168998335504,-0.3837382245948884,,110915.56639556588
253,52,0.5499999999999999,5,12,100,1.1017856476953272,8.00293124561195,0.45458745397585965,-0.38242624758043625,,92142.1557099296
254,52,0.5499999999999999,5,25,50,1.1658948970181522,9.586371187148579,0.4953334258260358,-0.38374164389907456,,108348.16302799089
255,52,0.5499999999999999,5,25,100,1.1063981888288186,8.110134271836968,0.45752645086870536,-0.382424248270886,,93239.344799296
256,52,0.5499999999999999,10,12,50,1.1492128290241153,6.271487769459503,0.4025632545150497,-0.2891079796606063,,74777.90839295466
257,52,0.5499999999999999,10,12,100,1.0732881336104518,5.157203112237025,0.36334024779154195,-0.2864384519598977,,62935.21697839337
258,52,0.5499999999999999,10,25,50,1.1488078948267433,6.424576195256337,0.40755499420793484,-0.28909887489182495,,76352.22614513982
259,52,0.5499999999999999,10,25,100,1.0946442241587377,5.412091067759019,0.37280274536279534,-0.2864283473766254,,65540.52794402881
260,52,0.5499999999999999,15,12,50,1.0592558743086813,4.155349986993396,0.32267450834655387,-0.2615018799509307,,52684.3187999915
261,52,0.5499999999999999,15,12,100,1.049574836240736,3.9806990704178724,0.3149241217206393,-0.261491959593793,,50804.26141043005
262,52,0.5499999999999999,15,25,50,1.0517756999459578,4.136662657815289,0.3218557293693298,-0.2615018799509307,,52493.34646825386
263,52,0.5499999999999999,15,25,100,1.043471690802616,3.946303414598228,0.31337126251203284,-0.261491959593793,,50453.41791136722
264,52,0.5999999999999999,5,12,50,1.1665787960422955,9.532588013480103,0.49403527525903956,-0.3837434445818584,,107797.70924493547
265,52,0.5999999999999999,5,12,100,1.0877592971167163,7.648950563652454,0.4446722202392075,-0.3824332009083138,,88519.2753140234
266,52,0.5999999999999999,5,25,50,1.1564810568612922,9.288788536338952,0.4880808764882911,-0.3837469626777034,,105302.49865497474
267,52,0.5999999999999999,5,25,100,1.092391375372315,7.751993836783382,0.44759274296255325,-0.38243111882462777,,89573.89064525993
268,52,0.5999999999999999,10,12,50,1.1155635810932047,5.722075246216493,0.38389898597162553,-0.2891292005267607,,69127.90654525002
269,52,0.5999999999999999,10,12,100,1.0291159619261354,4.576638032624134,0.3405101083791453,-0.28646594637060147,,57001.03085695477
270,52,0.5999999999999999,10,25,50,1.1154774875601436,5.863555928522282,0.3888228906483626,-0.2891193240108977,,70582.8535707088
271,52,0.5999999999999999,10,25,100,1.0506016562723286,4.808062290749011,0.34983673085173916,-0.28645472631801844,,59366.510058088556
272,52,0.5999999999999999,15,12,50,1.019861686048749,3.7426660956537785,0.3039896766872112,-0.2651354295195035,,48466.958242549044
273,52,0.5999999999999999,15,12,100,1.00006476459495,3.5044389952440187,0.2925806255134986,-0.2651240209540102,,45946.30050646933
274,52,0.5999999999999999,15,25,50,1.017777671422174,3.7714429419386675,0.3053354605446388,-0.2651354295195035,,48761.03886705687
275,52,0.5999999999999999,15,25,100,0.9940044022162189,3.473151642446295,0.29104526236111794,-0.2651240209540102,,45627.162403985545
276,52,0.6499999999999999,5,12,50,1.1419933023907356,8.74892716456318,0.47446729856112335,-0.38375837036130706,,99777.18815077815
277,52,0.6499999999999999,5,12,100,1.062662874466544,7.007900443274752,0.42582551808161884,-0.38244741692154655,,81958.32995097832
278,52,0.6499999999999999,5,25,50,1.1318144103915773,8.523273051580068,0.46859104056998135,-0.3837621709305525,,97467.68962770433
279,52,0.6499999999999999,5,25,100,1.067345779381984,7.103357504699404,0.4287094810155123,-0.38244516660453526,,82935.30280320239
280,52,0.6499999999999999,10,12,50,1.0739081780055544,5.10869213426808,0.3615026299453632,-0.28915192779794874,,62820.04939011473
281,52,0.6499999999999999,10,12,100,0.9864521047498241,4.068063875381911,0.318828755582508,-0.28649007627206036,,51802.69252830184
282,52,0.6499999999999999,10,25,50,1.0742324296811288,5.237224870319871,0.3663454303419773,-0.2891412256680693,,64141.843425490115
283,52,0.6499999999999999,10,25,100,1.0080839128079755,4.278852086718316,0.32802465874275555,-0.28647787445542006,,53957.242504179485
284,52,0.6499999999999999,15,12,50,0.9624581408712444,3.178772760890731,0.27614528541265426,-0.2521413360233577,,42704.33566739917
285,52,0.6499999999999999,15,12,100,0.9430425557460513,2.964147715523923,0.26472305805175567,-0.24635764678920696,,40435.2067775377
286,52,0.6499999999999999,15,25,50,0.963114194735465,3.223676347536981,0.2784732478664971,-0.25213755699799584,,43163.22107384154
287,52,0.6499999999999999,15,25,100,0.9380664933400674,2.944341785104277,0.26364333256007844,-0.24636017353591738,,40233.18179022361
288,52,0.7,5,12,50,1.1409908575982648,8.585344591287686,0.47021886283302994,-0.3837575086483757,,98102.97221743666
289,52,0.7,5,12,100,1.057312698503672,6.7991873735765695,0.419419138602952,-0.3824482703365024,,79822.21765130918
290,52,0.7,5,25,50,1.130722913096099,8.363472508513553,0.46435942048844225,-0.3837612929097997,,95832.18157815182
291,52,0.7,5,25,100,1.0620332977324634,6.892150745355649,0.4222899667586495,-0.3824460102423868,,80773.66837820028
292,52,0.7,10,12,50,1.0450591052403175,4.676338634481549,0.34456677088865617,-0.2891714503903553,,58373.84918660209
293,52,0.7,10,12,100,0.9556786647678772,3.687630455282703,0.30139689237993506,-0.28651095271376337,,47914.131536673754
294,52,0.7,10,25,50,1.0511968128713227,4.8637818968127675,0.3520361471000435,-0.2891565465215534,,60301.462289157345
295,52,0.7,10,25,100,0.9775767744971642,3.8826252549629077,0.31047259125466087,-0.28649791968001775,,49907.2507831612
296,52,0.7,15,12,50,0.9687006622699471,3.0478175640235,0.26923554050819987,-0.24037979410558952,,41366.05885638241
297,52,0.7,15,12,100,0.9540653526939814,2.8770211880711685,0.25993939007156186,-0.23463045997304055,,39546.49641501396
298,52,0.7,15,25,50,0.9729899416737144,3.1191299352564092,0.27302088965454807,-0.24037477770214316,,42094.82483927333
299,52,0.7,15,25,100,0.9476973695439593,2.850432714846232,0.25846179880796316,-0.23463372926961146,,39275.28795107627
300,52,0.7499999999999998,5,12,50,1.095596300920449,7.44187241831658,0.43871469887733916,-0.3837845580839806,,86399.89594844605
301,52,0.7499999999999998,5,12,100,1.0128524643186811,5.899311424611692,0.3900539383685371,-0.3824732921595175,,70612.27174068634
302,52,0.7499999999999998,5,25,50,1.0852605970252995,7.246476991881508,0.43298107148523535,-0.38378885423715026,,84400.08551821936
303,52,0.7499999999999998,5,25,100,1.0176338475809301,5.981617686213919,0.3928677240881473,-0.3824707358908649,,71454.65031334855
304,52,0.7499999999999998,10,12,50,1.001938700123557,4.079315117930787,0.31932754595161894,-0.27128048402022364,,52234.22944927961
305,52,0.7499999999999998,10,12,100,0.9247841244228954,3.301721277956784,0.28247097097510787,-0.26410778006422875,,43969.6006569484
306,52,0.7499999999999998,10,25,50,1.0092751674563962,4.254619030257872,0.32698312346174285,-0.2712604049320207,,54037.004935195844
307,52,0.7499999999999998,10,25,100,0.9471954205788747,3.481051616102374,0.29143377608739707,-0.26394555749337767,,45802.607224422325
308,52,0.7499999999999998,15,12,50,0.9730205001325677,2.9399748228708003,0.2634046615496679,-0.22198661377424136,,40263.976287887905
309,52,0.7499999999999998,15,12,100,0.958365141701127,2.775142165771421,0.254231298007326,-0.21622182256513878,,38507.30725542452
310,52,0.7499999999999998,15,25,50,0.9750576123152598,2.995385827979576,0.26641695216453987,-0.22197702435441008,,40830.24066674557
311,52,0.7499999999999998,15,25,100,0.9564348848592937,2.7776686625440243,0.25437438933618894,-0.21622146666845082,,38533.07809615857
312,52,0.7999999999999998,5,12,50,1.1063892125213295,7.57950905914172,0.44268774061724914,-0.38378005592837744,,87808.5634639825
313,52,0.7999999999999998,5,12,100,1.033916465574456,6.165999637771758,0.39907263962501194,-0.36939589869958694,,73341.74130927543
314,52,0.7999999999999998,5,25,50,1.09597973606949,7.380932952219821,0.4369384274683543,-0.3837842668836513,,85776.19977430228
315,52,0.7999999999999998,5,25,100,1.0387281408658564,6.251479459878353,0.4019044197550008,-0.3693928772674131,,74216.60027062114
316,52,0.7999999999999998,10,12,50,0.983496241106379,3.720017118105962,0.3029256983229849,-0.2628455531545217,,48539.311192039706
317,52,0.7999999999999998,10,12,100,0.9290598144361545,3.177952545326233,0.276102569913417,-0.256272198632565,,42704.5113134178
318,52,0.7999999999999998,10,25,50,0.9859457121436823,3.826344687009253,0.30788443995241455,-0.2628233643431364,,49632.75361526568
319,52,0.7999999999999998,10,25,100,0.9522551155921138,3.351868042645537,0.28500802090938304,-0.2562430907404314,,44482.17064350265
320,52,0.7999999999999998,15,12,50,0.9661846426770342,2.7374463582492563,0.25208685777855,-0.21504910044367415,,38194.267301472995
321,52,0.7999999999999998,15,12,100,0.9420751241801092,2.521743267761169,0.2394589323707561,-0.2093238521447563,,35922.58096025656
322,52,0.7999999999999998,15,25,50,0.9528116260101014,2.700632887763308,0.24997522573849174,-0.2150461408550825,,37818.05761248796
323,52,0.7999999999999998,15,25,100,0.9332419444138156,2.4905794767297142,0.23758179926423817,-0.2093293252638878,,35604.70321584402
324,52,0.8499999999999999,5,12,50,1.1080773894908,7.433974405577481,0.4384850876799258,-0.3693924905040234,,86319.06228441471
325,52,0.8499999999999999,5,12,100,1.0249932335561418,5.892499986806368,0.38981983193242153,-0.36940702929401303,,70542.55882766453
326,52,0.8499999999999999,5,25,50,1.0975220535068357,7.238778919437798,0.43275288340288176,-0.3693924905040234,,84321.29817991548
327,52,0.8499999999999999,5,25,100,1.0298582740103532,5.974667826350298,0.39263119748774455,-0.3694038788582707,,71383.52069431162
328,52,0.8499999999999999,10,12,50,0.9712587068509713,3.4157887217468574,0.2882070055023418,-0.24634859605305234,,45410.71304613818
329,52,0.8499999999999999,10,12,100,0.9112097499859347,2.879069334192576,0.2600528618970457,-0.24509783862876988,,39649.50737721315
330,52,0.8499999999999999,10,25,50,0.9755821712429869,3.533066952184571,0.2939777535655168,-0.24632734667613906,,46616.76895246765
331,52,0.8499999999999999,10,25,100,0.9353503599184817,3.0413465861738396,0.26888932214716066,-0.24506556326006812,,41308.20758214884
332,52,0.8499999999999999,15,12,50,0.9243894922076815,2.3390639956969244,0.22825220485704767,-0.2163211340180752,,34123.05905257555
333,52,0.8499999999999999,15,12,100,0.9106650437413403,2.2035977932936808,0.2196086134032702,-0.21148300796818872,,32677.424884196833
334,52,0.8499999999999999,15,25,50,0.9162856308913788,2.3368909727311276,0.22811586741721368,-0.22068718119722053,,34100.85217331835
335,52,0.8499999999999999,15,25,100,0.9026033925542227,2.181206398519863,0.21815081692770422,-0.21146856936705788,,32449.027573427815
